stripid,CMSSWID,FED,CCU,VFE
237640,872415401,606,24,4
229640,872415402,606,24,1
229576,872415406,606,17,1
229512,872415415,606,9,1
229648,872415530,606,24,2
229584,872415534,606,17,2
229520,872415543,606,9,2
229448,872415547,606,2,1
229656,872415658,606,24,3
229592,872415662,606,17,3
229528,872415671,606,9,3
229456,872415675,606,2,2
237704,872415780,606,34,1
229832,872415790,606,17,4
229768,872415799,606,9,4
237648,872415910,606,34,2
229896,872415915,606,24,5
229840,872415918,606,17,5
229776,872415927,606,9,5
229704,872415930,606,2,5
229464,872415931,606,2,3
221448,872415932,606,2,4
221456,872415935,605,25,4
221384,872415937,605,25,3
237832,872416026,606,33,1
237768,872416031,606,30,1
237968,872416034,606,30,2
237960,872416036,606,29,1
237904,872416039,606,29,2
237896,872416041,606,23,2
229912,872416043,606,23,1
229904,872416046,606,16,2
229848,872416048,606,16,1
229712,872416058,606,1,1
221640,872416067,605,17,2
221256,872416075,605,11,1
237840,872416154,606,33,2
237976,872416164,606,29,3
230152,872416171,606,23,3
229784,872416181,606,8,1
221704,872416190,605,24,2
221648,872416193,605,24,1
221320,872416198,605,17,1
221264,872416203,605,11,2
237848,872416282,606,33,3
238032,872416287,606,30,4
238024,872416288,606,30,3
238160,872416295,606,29,4
230088,872416304,606,16,3
229720,872416311,606,8,2
221712,872416316,606,1,2
221656,872416321,605,24,3
221576,872416326,605,17,3
245896,872416405,607,14,3
245832,872416407,607,14,2
238096,872416411,606,33,5
238088,872416412,606,33,4
238216,872416420,606,29,5
238152,872416425,606,23,4
230168,872416427,606,23,5
230160,872416430,606,16,4
230096,872416432,606,16,5
230024,872416437,606,8,3
229960,872416442,606,1,3
221584,872416454,605,17,4
221520,872416458,605,11,4
213256,872416462,605,25,1
238040,872416543,606,30,5
230032,872416565,606,8,5
229968,872416567,606,8,4
229976,872416570,606,1,5
221968,872416572,606,1,4
221960,872416574,605,24,4
221896,872416577,605,24,5
221592,872416582,605,17,5
221528,872416586,605,11,5
221272,872416587,605,11,3
213192,872416592,605,25,2
245904,872416661,607,20,1
246096,872416664,607,20,2
246088,872416666,607,13,2
238104,872416668,607,13,1
238344,872416671,606,32,2
238280,872416672,606,32,1
238224,872416676,606,28,1
238168,872416681,606,22,2
230176,872416683,606,22,1
230104,872416686,606,15,1
230040,872416695,606,7,1
229984,872416698,605,31,1
221904,872416705,605,23,1
221832,872416709,605,16,1
221512,872416713,605,10,1
246176,872416790,607,20,3
238288,872416801,606,32,3
238232,872416804,606,28,2
230408,872416814,606,15,4
230344,872416815,606,15,2
221976,872416828,605,31,2
221912,872416833,605,23,2
213520,872416843,605,10,2
213512,872416845,605,6,2
246104,872416922,607,13,3
238352,872416925,607,13,4
238536,872416932,606,28,4
238472,872416934,606,28,3
238408,872416937,606,22,3
230416,872416940,606,22,4
230352,872416943,606,15,3
230280,872416950,606,7,2
221840,872416964,605,16,3
221768,872416966,605,16,2
213448,872416975,605,6,3
213200,872416976,605,6,1
245960,872417040,607,14,4
246152,872417045,607,20,4
238360,872417055,606,32,4
238480,872417061,606,28,5
238416,872417065,606,22,5
230288,872417077,606,7,3
230224,872417081,605,31,4
222216,872417084,605,31,3
222152,872417088,605,23,3
221776,872417096,605,10,4
213528,872417099,605,10,3
213456,872417104,605,6,4
246216,872417170,607,14,5
246160,872417173,607,20,5
246344,872417178,607,13,5
238544,872417185,606,32,5
82120,872417199,606,15,5
82056,872417206,606,7,5
230216,872417207,606,7,4
222224,872417212,605,31,5
222160,872417215,605,23,5
222088,872417217,605,23,4
222096,872417220,605,16,5
221784,872417222,605,16,4
213768,872417227,605,10,5
213464,872417232,605,6,5
213384,872417235,605,3,4
213128,872417237,605,3,3
246024,872417294,607,21,2
246280,872417296,607,26,2
246232,872417297,607,26,1
246224,872417301,607,19,3
246168,872417302,607,19,1
246408,872417306,607,12,3
246352,872417307,607,12,1
238600,872417311,606,31,1
238552,872417316,606,27,1
90248,872417321,606,21,3
90184,872417322,606,21,2
82192,872417324,606,21,1
82184,872417326,606,14,2
82128,872417328,606,14,1
82064,872417333,606,6,1
222024,872417350,605,15,1
213392,872417365,605,2,1
246240,872417426,607,26,3
246416,872417432,607,19,2
246360,872417435,607,12,2
246600,872417439,606,31,4
238608,872417440,606,31,2
90256,872417446,606,27,2
82376,872417456,606,14,3
81992,872417465,605,30,2
73928,872417471,605,22,2
222104,872417473,605,22,1
213776,872417482,605,9,1
213472,872417487,605,5,1
213408,872417492,605,2,2
238616,872417568,606,31,3
90312,872417572,606,27,3
90264,872417575,606,27,4
90192,872417578,606,21,4
82000,872417591,606,6,2
73992,872417595,605,30,1
222032,872417605,605,15,2
213784,872417609,605,9,2
213704,872417613,605,5,2
213064,872417623,605,3,1
246288,872417678,607,21,3
246296,872417680,607,26,4
246472,872417686,607,19,4
246608,872417693,607,12,4
90320,872417700,606,27,5
82440,872417710,606,14,4
82384,872417712,606,14,5
82312,872417717,606,6,3
74000,872417723,605,30,4
73944,872417726,605,22,4
73864,872417729,605,22,3
222040,872417732,605,15,3
213712,872417739,605,9,3
213640,872417743,605,5,4
213400,872417744,605,5,3
213344,872417749,605,2,3
246304,872417808,607,26,5
246480,872417813,607,19,5
246664,872417818,607,12,5
90376,872417824,606,31,5
90440,872417834,606,21,5
82320,872417845,606,6,5
82256,872417847,606,6,4
74248,872417851,605,30,5
73936,872417852,605,30,3
73872,872417857,605,22,5
73800,872417861,605,15,5
214024,872417862,605,15,4
214032,872417864,605,9,4
213960,872417867,605,9,5
213648,872417872,605,5,5
213416,872417874,605,2,4
213336,872417877,605,2,5
213328,872417879,605,3,2
254032,872417929,607,21,4
254024,872417931,607,27,1
246312,872417936,607,25,1
246488,872417941,607,18,1
246672,872417946,607,11,1
98376,872417951,607,7,2
90384,872417953,607,7,1
90632,872417956,606,26,2
90568,872417957,606,26,1
90504,872417961,606,20,2
90448,872417963,606,20,1
82448,872417966,606,13,2
82392,872417968,606,13,1
82328,872417973,606,5,1
74256,872417978,605,29,1
74120,872417984,605,21,1
73808,872417988,605,14,1
213968,872417995,605,8,1
213320,872418005,605,1,1
254280,872418060,607,27,3
254296,872418061,607,27,2
254304,872418064,607,25,3
246536,872418067,607,25,2
246544,872418069,607,18,3
246728,872418072,607,18,2
246736,872418074,607,11,3
98440,872418077,607,11,2
90576,872418086,606,26,3
82248,872418103,606,5,2
74184,872418108,605,29,2
65800,872418118,605,14,2
213656,872418127,605,4,1
205344,872418137,604,23,2
205064,872418140,604,30,3
254088,872418185,607,21,5
246552,872418194,607,25,4
246744,872418199,607,18,4
98448,872418204,607,11,4
98384,872418207,607,7,3
90760,872418217,606,20,3
90696,872418220,606,20,4
82696,872418222,606,13,3
82632,872418225,606,13,4
74128,872418239,605,21,3
74056,872418241,605,21,2
65808,872418246,605,14,3
65736,872418249,605,8,2
213896,872418253,605,4,2
213592,872418259,605,1,2
205336,872418265,604,23,3
205072,872418266,604,23,1
254344,872418315,607,27,5
254288,872418317,607,27,4
98696,872418335,607,7,5
98632,872418338,607,7,4
90640,872418340,606,26,4
90768,872418345,606,20,5
82704,872418350,606,13,5
82568,872418356,606,5,4
82504,872418359,606,5,3
74504,872418361,605,29,4
74440,872418364,605,29,3
65744,872418377,605,8,4
213904,872418379,605,8,3
213848,872418383,605,4,4
213584,872418384,605,4,3
205328,872418389,605,1,3
205320,872418392,604,23,4
254536,872418448,607,25,5
246792,872418453,607,18,5
98504,872418458,607,11,5
90824,872418470,606,26,5
82512,872418487,606,5,5
74448,872418492,605,29,5
74376,872418495,605,21,5
74064,872418497,605,21,4
66056,872418499,605,14,4
65992,872418502,605,14,5
65672,872418507,605,8,5
213840,872418512,605,4,5
213576,872418514,605,1,4
205584,872418517,605,1,5
205272,872418522,604,23,5
205000,872418524,604,30,4
254152,872418566,607,31,1
254352,872418571,607,30,1
254544,872418576,607,24,1
254792,872418581,607,17,3
246800,872418582,607,17,1
98512,872418586,607,10,1
98760,872418589,607,10,2
98704,872418591,607,6,1
98888,872418596,606,25,3
90888,872418597,606,25,2
90832,872418599,606,25,1
91080,872418601,606,19,2
91016,872418602,606,19,1
90960,872418605,606,19,4
90952,872418606,606,12,3
82952,872418607,606,12,2
82888,872418609,606,12,1
74696,872418619,605,28,1
65680,872418634,605,7,1
205576,872418645,604,26,1
204952,872418655,604,19,1
254160,872418694,607,31,2
254408,872418697,607,31,3
254360,872418699,607,30,2
254608,872418704,607,24,3
254800,872418707,607,24,2
98568,872418712,607,17,2
98576,872418714,607,10,3
98896,872418721,607,6,2
82824,872418740,606,4,2
82760,872418742,606,4,1
74384,872418750,605,20,2
74312,872418752,605,20,1
66312,872418756,605,13,2
66000,872418758,605,13,1
65608,872418765,604,29,2
213832,872418767,604,29,1
205264,872418778,604,22,1
254168,872418822,607,31,4
254416,872418827,607,30,4
254600,872418830,607,30,3
98768,872418845,607,10,4
99016,872418847,607,6,4
98952,872418848,607,6,3
91144,872418855,606,25,4
91024,872418859,606,19,3
83144,872418865,606,12,4
74632,872418876,605,28,2
66248,872418885,605,13,3
65928,872418889,605,7,3
65616,872418891,605,7,2
205840,872418898,604,26,2
205528,872418901,604,26,3
205520,872418903,604,22,3
205256,872418905,604,22,2
204944,872418911,604,19,2
254424,872418952,607,31,5
254664,872418957,607,30,5
254616,872418960,607,24,4
106568,872418966,607,17,4
98960,872418977,607,6,5
91088,872418985,606,19,5
74768,872418999,606,4,3
74704,872419002,605,28,3
66320,872419009,605,20,3
65864,872419019,605,7,4
57616,872419023,604,29,4
205832,872419024,604,29,3
205208,872419037,604,19,3
254856,872419090,607,24,5
106576,872419093,607,17,5
98824,872419098,607,10,5
99144,872419108,606,25,5
83208,872419118,606,12,5
83080,872419124,606,4,4
83016,872419127,606,4,5
74760,872419128,605,28,4
74640,872419132,605,28,5
74568,872419134,605,20,4
66568,872419137,605,20,5
66256,872419140,605,13,5
66184,872419142,605,13,4
65872,872419147,605,7,5
57608,872419152,604,29,5
205776,872419155,604,26,5
205512,872419157,604,26,4
205464,872419160,604,22,5
205200,872419162,604,22,4
205192,872419165,604,19,5
204936,872419167,604,19,4
254216,872419206,607,29,2
254472,872419208,607,29,1
254672,872419211,607,28,1
254920,872419216,607,23,2
254864,872419217,607,23,1
106632,872419221,607,16,1
106824,872419224,607,16,2
106832,872419226,607,9,2
99080,872419228,607,9,1
99024,872419231,607,5,1
99208,872419236,607,3,2
99152,872419237,607,3,1
91400,872419241,606,18,3
91336,872419242,606,18,2
91272,872419244,606,18,1
91208,872419246,606,11,3
83152,872419249,606,11,1
66576,872419264,605,19,1
66128,872419273,604,32,1
205768,872419284,604,25,1
205456,872419290,604,21,1
254728,872419339,607,28,3
254680,872419340,607,28,2
106640,872419349,607,16,3
107080,872419356,607,9,3
99088,872419359,607,5,3
99272,872419362,607,5,2
74952,872419385,605,27,2
74888,872419387,605,27,1
66440,872419395,605,12,2
66192,872419397,605,12,1
57864,872419405,604,28,2
57552,872419408,604,28,1
205448,872419417,604,21,2
205128,872419421,604,18,1
254480,872419463,607,29,3
254928,872419472,607,23,3
106704,872419477,607,16,4
99280,872419489,607,5,4
99464,872419494,607,3,4
99400,872419495,607,3,3
83216,872419503,606,11,2
83088,872419508,606,3,3
83024,872419510,606,3,2
75016,872419511,606,3,1
74824,872419516,605,27,3
66824,872419518,605,19,3
66504,872419521,605,19,2
57872,872419531,604,32,2
57544,872419535,604,28,3
205720,872419541,604,25,2
205144,872419550,604,18,3
204872,872419551,604,18,2
262472,872419590,607,29,5
254488,872419591,607,29,4
254736,872419595,607,28,5
254984,872419598,607,28,4
254936,872419600,607,23,5
107144,872419610,607,9,4
107088,872419612,607,9,5
99528,872419620,607,3,5
91656,872419625,606,18,4
91528,872419630,606,11,5
83464,872419632,606,11,4
83336,872419637,606,3,4
75144,872419644,605,27,4
66760,872419647,605,19,4
66384,872419653,605,12,4
66120,872419654,605,12,3
58128,872419657,604,32,3
205712,872419669,604,25,3
205392,872419674,604,21,3
205136,872419678,604,18,4
106696,872419731,607,23,4
106888,872419735,607,16,5
99336,872419743,607,5,5
91664,872419753,606,18,5
75272,872419767,606,3,5
75152,872419772,605,27,5
66696,872419777,605,19,5
66376,872419782,605,12,5
58120,872419785,604,32,5
58064,872419787,604,32,4
57800,872419790,604,28,5
57488,872419792,604,28,4
57480,872419794,604,25,4
205704,872419797,604,25,5
205656,872419799,604,21,4
205384,872419802,604,21,5
197144,872419807,604,18,5
262216,872419844,608,3,1
262480,872419846,608,2,1
262736,872419849,608,2,2
262728,872419851,608,1,2
255000,872419853,608,1,1
254992,872419856,607,22,2
106760,872419858,607,22,1
106952,872419861,607,15,1
107152,872419866,607,8,1
107336,872419871,607,4,1
99600,872419874,607,4,2
99592,872419876,607,2,2
99536,872419877,607,2,1
99720,872419881,607,1,2
91672,872419883,607,1,1
91784,872419886,606,10,2
83720,872419888,606,10,1
66704,872419905,605,18,1
58376,872419910,604,33,1
58056,872419915,604,31,1
57744,872419920,604,27,1
262488,872419974,608,2,3
106768,872419986,607,22,3
107016,872419989,607,15,3
106960,872419990,607,15,2
107208,872419994,607,8,3
107400,872419997,607,8,2
107408,872419999,607,4,3
83728,872420016,606,10,3
83592,872420021,605,32,1
75160,872420026,605,26,1
67088,872420028,605,26,2
67080,872420030,605,18,2
66640,872420035,604,33,2
57736,872420047,604,27,2
57424,872420051,604,24,1
205648,872420056,604,20,1
197136,872420063,604,17,1
262744,872420107,608,1,4
262984,872420109,608,1,3
107592,872420129,607,4,4
99848,872420134,607,2,3
99976,872420137,607,1,3
91792,872420142,606,10,4
75528,872420151,605,32,2
58632,872420164,604,33,4
58320,872420168,604,31,2
57992,872420171,604,31,3
57416,872420179,604,24,3
205640,872420181,604,24,2
197400,872420186,604,20,2
197392,872420188,604,17,2
197128,872420191,604,17,3
196872,872420193,604,30,1
262280,872420228,608,3,2
262536,872420230,608,2,5
262792,872420232,608,2,4
262992,872420237,608,1,5
114760,872420240,607,22,4
107024,872420245,607,15,5
107272,872420248,607,15,4
107280,872420250,607,8,5
107464,872420252,607,8,4
107912,872420260,607,2,5
99856,872420262,607,2,4
99984,872420265,607,1,5
83600,872420276,605,32,3
75536,872420279,605,32,4
67336,872420284,605,26,3
66952,872420287,605,18,4
66632,872420289,605,18,3
58312,872420294,604,33,3
58248,872420297,604,31,4
57672,872420304,604,27,3
49432,872420309,604,24,4
197648,872420312,604,20,3
197336,872420317,604,17,4
114768,872420368,607,22,5
107656,872420383,607,4,5
91912,872420396,607,1,4
75400,872420409,605,26,4
67344,872420412,605,26,5
66960,872420417,605,18,5
58568,872420422,604,33,5
57936,872420427,604,31,5
57928,872420429,604,27,4
57680,872420432,604,27,5
49424,872420437,604,24,5
197640,872420440,604,20,5
197384,872420442,604,20,4
197072,872420447,604,17,5
196816,872420449,604,30,2
262288,872420481,608,13,1
262544,872420486,608,12,1
262800,872420491,608,11,2
263048,872420493,608,11,1
114776,872420496,608,10,1
115016,872420501,608,5,2
115272,872420503,608,5,1
107528,872420506,608,4,1
107720,872420511,607,33,1
108040,872420514,607,33,2
107920,872420516,607,32,2
108168,872420518,607,32,1
100104,872420522,607,14,1
99992,872420523,607,21,1
59160,872420543,604,16,1
58504,872420550,604,15,1
58192,872420555,604,14,1
49416,872420565,604,8,1
196808,872420580,604,5,1
262344,872420609,608,13,2
262808,872420616,608,12,2
263056,872420621,608,11,3
114824,872420624,608,10,2
115280,872420631,608,5,3
115528,872420634,608,4,3
107536,872420635,608,4,2
107784,872420639,607,33,3
67208,872420667,605,25,5
58888,872420673,604,16,2
58184,872420682,604,14,2
49936,872420686,604,13,1
49672,872420688,604,13,2
197584,872420696,604,7,1
197320,872420698,604,7,2
197328,872420701,604,6,2
197064,872420703,604,6,1
196760,872420708,604,5,2
262352,872420737,608,13,3
262600,872420742,608,12,4
262864,872420743,608,12,3
262856,872420747,608,11,4
114832,872420752,608,10,3
115088,872420757,608,5,4
108048,872420772,607,32,4
108176,872420774,607,32,3
59152,872420796,605,3,5
58776,872420803,604,15,2
58440,872420806,604,15,3
50192,872420811,604,14,3
49928,872420814,604,13,3
49352,872420820,604,8,3
49360,872420821,604,8,2
197576,872420824,604,7,3
197280,872420830,604,6,3
262360,872420865,608,13,5
262608,872420868,608,13,4
262872,872420872,608,12,5
263112,872420877,608,11,5
114888,872420880,608,10,5
115336,872420887,608,5,5
115536,872420890,608,4,4
115784,872420895,607,33,5
108056,872420897,607,33,4
59144,872420927,604,16,3
58760,872420932,604,15,4
50184,872420939,604,14,4
196752,872420964,604,5,3
115080,872421011,608,10,4
115592,872421018,608,4,5
108296,872421029,607,32,5
59016,872421056,604,16,5
58768,872421057,604,16,4
50440,872421062,604,15,5
50128,872421067,604,14,5
49864,872421070,604,13,5
49616,872421072,604,13,4
49608,872421074,604,8,4
49296,872421077,604,8,5
197520,872421080,604,7,5
197272,872421082,604,7,4
197264,872421085,604,6,5
197016,872421087,604,6,4
197008,872421089,604,5,4
196744,872421092,604,5,5
262408,872421121,608,17,1
262664,872421124,608,17,2
262616,872421126,608,16,1
262920,872421131,608,15,2
263120,872421132,608,15,1
114896,872421136,608,14,1
115144,872421141,608,9,2
115400,872421143,608,9,1
115600,872421146,608,8,1
115848,872421151,608,7,1
116104,872421154,608,7,2
116360,872421156,608,6,1
50120,872421195,604,10,1
197512,872421209,604,3,1
262416,872421249,608,17,3
262880,872421256,608,16,2
263176,872421260,608,15,3
115152,872421266,608,14,2
115408,872421271,608,9,3
115656,872421274,608,8,3
115912,872421277,608,8,2
116368,872421284,608,6,2
50952,872421312,604,12,2
50960,872421313,604,12,1
50696,872421315,604,11,2
50376,872421318,604,11,1
49808,872421326,604,9,1
49544,872421328,604,9,2
49552,872421331,604,4,2
49288,872421333,604,4,1
197256,872421341,604,2,2
197000,872421343,604,2,1
196696,872421348,604,1,1
262680,872421380,608,17,4
262672,872421382,608,16,4
262928,872421384,608,16,3
114960,872421392,608,14,4
115216,872421393,608,14,3
115208,872421397,608,9,4
115920,872421407,608,7,3
116232,872421410,608,7,4
116488,872421412,608,6,3
50312,872421446,604,11,3
50320,872421448,604,10,2
50056,872421451,604,10,3
49800,872421454,604,9,3
49496,872421460,604,4,3
197456,872421465,604,3,3
196952,872421473,604,1,2
262424,872421505,608,17,5
263184,872421516,608,15,4
115224,872421522,608,14,5
115464,872421527,608,9,5
115720,872421530,608,8,5
115984,872421532,608,8,4
115976,872421535,608,7,5
116496,872421540,608,6,4
50832,872421569,604,12,3
50248,872421577,604,10,4
197208,872421597,604,2,3
196688,872421604,604,1,3
262936,872421639,608,16,5
114952,872421646,608,15,5
50824,872421697,604,12,4
50568,872421699,604,11,4
50256,872421702,604,11,5
49992,872421707,604,10,5
49736,872421710,604,9,5
49488,872421712,604,9,4
49480,872421715,604,4,5
49232,872421717,604,4,4
49224,872421719,604,3,5
197448,872421721,604,3,4
197200,872421722,604,3,2
197192,872421726,604,2,5
196944,872421727,604,2,4
196936,872421729,604,1,4
196680,872421732,604,1,5
270408,872421761,608,41,5
270672,872421764,608,41,4
270664,872421766,608,40,4
270928,872421767,608,40,5
270920,872421771,608,39,2
271176,872421772,608,39,4
122960,872421774,608,39,5
122952,872421776,608,38,4
123216,872421778,608,38,5
123208,872421781,608,33,4
123464,872421783,608,33,5
123720,872421786,608,32,5
123976,872421791,608,31,5
124296,872421794,608,31,4
124552,872421796,608,30,4
41224,872421847,603,3,5
189208,872421854,603,2,5
270416,872421889,608,41,3
270936,872421896,608,40,3
123984,872421916,608,32,4
124560,872421924,608,30,3
42768,872421953,603,12,4
42256,872421958,603,11,5
42248,872421961,603,10,4
41992,872421963,603,10,5
41736,872421966,603,9,5
41496,872421971,603,4,5
189456,872421977,603,3,4
188696,872421988,603,1,5
270680,872422020,608,41,2
271184,872422028,608,39,3
123224,872422033,608,38,3
123528,872422039,608,33,3
123784,872422042,608,32,3
124048,872422045,608,32,2
124040,872422047,608,31,3
42760,872422081,603,12,3
42504,872422083,603,11,4
42192,872422086,603,11,3
41488,872422096,603,9,4
41480,872422100,603,4,3
41232,872422101,603,4,4
189200,872422109,603,2,3
188952,872422111,603,2,4
188944,872422113,603,1,4
270424,872422145,608,41,1
270728,872422150,608,40,1
270984,872422152,608,40,2
123016,872422160,608,38,1
123280,872422162,608,38,2
123272,872422165,608,33,2
123536,872422167,608,33,1
124104,872422175,608,31,1
124424,872422178,608,31,2
124688,872422180,608,30,1
124680,872422181,608,30,2
42640,872422209,603,12,2
42184,872422216,603,10,2
41928,872422219,603,10,3
41680,872422222,603,9,3
41416,872422227,603,4,2
189448,872422233,603,3,3
189152,872422237,603,2,2
188688,872422244,603,1,3
271240,872422284,608,39,1
123848,872422298,608,32,1
42632,872422337,603,12,1
42376,872422339,603,11,2
42120,872422342,603,11,1
41872,872422347,603,10,1
41672,872422350,603,9,1
41424,872422352,603,9,2
41168,872422357,603,4,1
189392,872422361,603,3,1
189192,872422362,603,3,2
188888,872422367,603,2,1
188936,872422369,603,1,2
188680,872422372,603,1,1
270472,872422401,608,37,5
270744,872422404,608,37,4
270736,872422406,608,36,4
271000,872422408,608,36,5
270992,872422411,608,35,4
271248,872422413,608,35,5
123024,872422416,608,34,5
123344,872422419,608,34,4
123336,872422421,608,29,4
123592,872422423,608,29,5
123856,872422426,608,28,5
124168,872422431,609,33,5
132488,872422436,609,32,4
132744,872422437,609,32,5
34568,872422464,603,16,5
41864,872422475,603,14,5
41352,872422482,603,8,4
270480,872422529,608,37,3
123912,872422554,608,28,4
132496,872422561,609,33,4
132872,872422566,609,32,3
34328,872422596,603,15,4
42056,872422598,603,15,5
41808,872422603,603,14,4
41608,872422606,603,13,5
41160,872422613,603,8,5
189384,872422616,603,7,5
189144,872422621,603,6,5
188872,872422625,603,5,4
188632,872422628,603,5,5
271008,872422663,608,36,3
271304,872422669,608,35,3
123088,872422672,608,34,2
123080,872422673,608,34,3
123656,872422679,608,29,3
123920,872422682,608,28,3
132168,872422687,609,33,3
132504,872422690,609,33,2
132880,872422697,609,21,1
34448,872422719,603,16,3
34320,872422721,603,16,4
41360,872422736,603,13,4
41104,872422741,603,8,3
189136,872422746,603,7,4
189128,872422750,603,6,3
188880,872422751,603,6,4
188624,872422756,603,5,3
270488,872422785,608,37,2
270792,872422790,608,36,1
271056,872422792,608,36,2
271048,872422795,608,35,2
271312,872422797,608,35,1
123400,872422805,608,29,2
123664,872422807,608,29,1
131912,872422811,608,28,2
132616,872422820,609,32,2
140936,872422826,609,14,1
34056,872422854,603,15,3
33808,872422858,603,14,2
41800,872422859,603,14,3
41552,872422862,603,13,3
41096,872422869,603,8,2
189328,872422872,603,7,3
189072,872422877,603,6,2
188616,872422884,603,5,2
270536,872422913,608,37,1
123144,872422928,608,34,1
131920,872422938,608,28,1
132232,872422943,609,33,1
132888,872422950,609,32,1
26264,872422970,602,3,5
26376,872422971,602,25,5
34440,872422975,603,16,1
34192,872422977,603,16,2
34312,872422979,603,15,2
33992,872422982,603,15,1
33800,872422987,603,14,1
41544,872422990,603,13,1
41288,872422992,603,13,2
41048,872422997,603,8,1
189320,872423000,603,7,1
189080,872423002,603,7,2
188816,872423007,603,6,1
188560,872423012,603,5,1
270544,872423044,608,27,2
270800,872423046,608,26,5
271112,872423051,608,25,4
271368,872423053,608,25,5
123152,872423056,609,22,5
131408,872423061,609,15,5
131664,872423064,609,15,4
131656,872423066,609,8,5
132296,872423071,609,4,5
140688,872423076,609,2,5
141072,872423081,609,1,5
149128,872423084,609,1,4
18184,872423097,602,26,4
33928,872423110,603,33,5
41040,872423125,603,24,5
271064,872423176,608,26,4
271376,872423181,608,25,3
123160,872423184,609,22,4
131400,872423189,609,15,3
131976,872423196,609,8,4
132040,872423199,609,4,3
140360,872423204,609,2,3
140680,872423206,609,2,4
141064,872423209,609,1,3
149264,872423214,601,10,4
9872,872423217,601,10,3
26256,872423228,602,26,5
26128,872423231,602,18,4
34184,872423233,602,18,5
33736,872423241,603,31,4
33552,872423243,603,31,5
33544,872423245,603,27,4
33296,872423248,603,27,5
41032,872423253,603,24,4
189264,872423256,603,20,5
189064,872423261,603,17,4
188808,872423263,603,17,5
188552,872423265,603,30,2
270600,872423300,608,27,1
270856,872423302,608,26,3
271128,872423305,608,26,2
271120,872423307,608,25,2
279368,872423312,609,22,2
131144,872423314,609,22,3
131720,872423322,609,8,3
132048,872423325,609,8,2
132360,872423329,609,4,4
149256,872423342,601,10,2
18064,872423351,602,32,4
26248,872423356,602,26,3
26120,872423359,602,18,3
33864,872423364,603,33,4
189256,872423384,603,20,3
189016,872423386,603,20,4
270864,872423430,608,26,1
279376,872423437,608,25,1
131152,872423442,609,22,1
131464,872423446,609,15,2
140368,872423458,609,4,2
140816,872423463,609,2,2
140808,872423465,609,1,2
148888,872423467,609,1,1
9864,872423472,601,10,1
10000,872423477,602,32,3
33680,872423494,603,33,3
33672,872423496,603,31,2
33480,872423499,603,31,3
33232,872423503,603,27,2
33288,872423504,603,27,3
33040,872423507,603,24,3
188760,872423519,603,17,3
131472,872423573,609,15,1
131784,872423578,609,8,1
132104,872423583,609,4,1
140432,872423588,609,2,1
9992,872423605,602,32,1
18056,872423607,602,32,2
17944,872423610,602,26,1
25992,872423612,602,26,2
25808,872423616,602,18,1
25872,872423617,602,18,2
25864,872423619,603,33,2
33608,872423622,603,33,1
33424,872423627,603,31,1
33224,872423632,603,27,1
33032,872423635,603,24,1
181272,872423637,603,24,2
181264,872423640,603,20,1
189008,872423642,603,20,2
189000,872423644,603,17,2
188752,872423647,603,17,1
188488,872423649,603,30,1
270872,872423686,609,29,5
279112,872423691,609,28,5
279384,872423694,609,28,4
279432,872423696,609,23,5
131216,872423699,609,23,4
131208,872423701,609,16,4
131528,872423703,609,16,5
131792,872423706,609,9,4
131848,872423708,609,9,5
140104,872423711,609,5,5
140424,872423716,609,3,5
148880,872423721,601,18,5
149000,872423726,601,11,5
17936,872423740,602,27,5
25608,872423750,602,12,5
33160,872423758,603,28,5
32968,872423762,603,25,4
278864,872423815,609,29,4
279120,872423819,609,28,3
279440,872423824,609,23,3
131856,872423836,609,9,3
139848,872423839,609,5,3
140112,872423840,609,5,4
140488,872423846,609,3,4
148872,872423849,601,18,4
9608,872423856,601,11,4
9736,872423861,601,3,4
17800,872423863,601,3,5
17928,872423868,602,27,4
25800,872423873,602,19,5
33360,872423881,603,32,5
33416,872423883,603,32,4
181208,872423893,603,25,5
181256,872423895,603,21,4
181008,872423898,603,21,5
180760,872423902,603,18,4
188744,872423903,603,18,5
278600,872423942,609,29,2
278872,872423943,609,29,3
279448,872423952,609,23,2
131272,872423958,609,16,3
131592,872423962,609,9,2
140232,872423972,609,3,2
140552,872423975,609,3,3
148552,872423977,601,18,3
148744,872423982,601,11,1
9296,872423983,601,11,2
9360,872423985,601,11,3
9488,872423990,601,3,2
25672,872423998,602,19,3
25736,872423999,602,19,4
25552,872424004,602,12,4
32976,872424016,603,28,4
181200,872424021,603,25,3
180752,872424030,603,18,3
278856,872424072,609,29,1
279176,872424076,609,28,2
131280,872424085,609,16,1
131600,872424088,609,16,2
139920,872424096,609,5,1
140168,872424098,609,5,2
148616,872424106,601,18,1
148680,872424108,601,18,2
25544,872424131,602,12,2
25360,872424134,602,12,3
33352,872424137,603,32,3
32912,872424144,603,28,3
180952,872424153,603,21,2
181000,872424154,603,21,3
279184,872424203,609,28,1
279496,872424209,609,23,1
139856,872424220,609,9,1
140304,872424229,609,3,1
9424,872424244,601,3,1
17480,872424247,601,3,3
17544,872424249,602,27,1
17608,872424251,602,27,2
17672,872424252,602,27,3
25424,872424256,602,19,1
25480,872424257,602,19,2
25296,872424262,602,12,1
25352,872424265,603,32,1
33096,872424267,603,32,2
33104,872424269,603,28,2
32904,872424272,603,28,1
181136,872424276,603,25,1
181192,872424277,603,25,2
180944,872424282,603,21,1
180744,872424285,603,18,1
180488,872424287,603,18,2
278664,872424326,609,31,4
278928,872424328,609,31,5
278920,872424331,609,30,4
279192,872424333,609,30,5
279240,872424336,609,24,4
279504,872424338,609,24,5
131336,872424341,609,17,5
139600,872424346,609,10,5
139912,872424351,609,6,4
139984,872424353,609,6,5
140296,872424356,601,25,5
148296,872424359,601,25,4
148368,872424361,601,19,5
148496,872424365,601,19,4
9288,872424366,601,12,5
9352,872424369,601,12,4
9480,872424375,601,4,5
25416,872424385,602,20,5
25096,872424395,602,7,5
32848,872424400,603,29,5
181128,872424403,603,26,5
278936,872424456,609,31,3
279560,872424469,609,17,3
131344,872424470,609,17,4
139592,872424474,609,10,4
140040,872424484,601,25,3
148432,872424491,601,19,3
148488,872424494,601,12,3
17360,872424508,602,28,5
25232,872424516,602,13,5
32840,872424527,603,29,4
180888,872424533,603,26,4
180936,872424536,603,22,5
180696,872424541,603,19,5
278672,872424582,609,31,2
278984,872424588,609,30,2
279248,872424590,609,30,3
279256,872424592,609,24,3
279568,872424595,609,24,2
139344,872424602,609,10,2
139656,872424604,609,10,3
139976,872424608,609,6,3
148360,872424617,601,19,2
9416,872424628,601,4,4
17296,872424634,602,28,3
17416,872424638,602,20,4
25224,872424645,602,13,3
25288,872424646,602,13,4
25040,872424648,602,7,4
180872,872424663,603,22,3
180688,872424666,603,22,4
180440,872424671,603,19,4
278992,872424715,609,30,1
287560,872424726,609,17,1
139336,872424728,609,17,2
139728,872424735,609,6,1
140048,872424737,609,6,2
148040,872424741,601,25,1
148112,872424743,601,25,2
9032,872424751,601,12,1
9096,872424753,601,12,2
25160,872424772,602,13,2
24848,872424779,602,7,3
24840,872424781,603,29,2
181064,872424786,603,26,2
180880,872424789,603,26,3
180632,872424794,603,22,2
180680,872424796,603,19,3
180432,872424799,603,19,2
278680,872424838,609,31,1
279304,872424848,609,24,1
139408,872424859,609,10,1
148424,872424874,601,19,1
9160,872424884,601,4,1
9224,872424886,601,4,2
17232,872424887,601,4,3
17224,872424888,602,28,4
17288,872424891,602,28,1
17352,872424892,602,28,2
17104,872424894,602,20,1
17160,872424896,602,20,2
25168,872424897,602,20,3
24976,872424902,602,13,1
25032,872424904,602,7,2
24784,872424907,602,7,1
173072,872424911,603,29,1
181072,872424912,603,29,3
180816,872424917,603,26,1
180624,872424922,603,22,1
180424,872424927,603,19,1
278728,872424969,609,21,5
279000,872424971,609,27,5
279312,872424976,609,25,5
287304,872424979,609,25,4
287568,872424981,609,18,5
139400,872424986,609,11,5
139720,872424991,609,7,5
139784,872424994,609,7,4
147792,872424996,601,26,4
148104,872424998,601,26,5
148176,872425001,601,20,5
8784,872425006,601,13,5
17096,872425023,602,21,5
24776,872425035,602,8,5
173064,872425040,602,4,5
180808,872425045,602,1,5
279048,872425101,609,27,4
279056,872425104,609,25,3
287312,872425109,609,18,3
287576,872425110,609,18,4
287632,872425114,609,11,3
139472,872425116,609,11,4
148168,872425129,601,20,3
148232,872425132,601,20,4
8776,872425134,601,13,3
8840,872425137,601,13,4
8976,872425143,601,5,5
17040,872425148,602,29,5
16912,872425153,602,21,4
24904,872425155,602,14,4
24968,872425158,602,14,5
180560,872425176,603,23,4
180616,872425178,603,23,5
278792,872425227,609,27,1
279064,872425228,609,27,3
287320,872425234,609,25,2
287624,872425240,609,18,2
139464,872425244,609,11,2
139536,872425247,609,7,3
147784,872425252,601,26,2
147856,872425254,601,26,3
8904,872425268,601,5,4
8968,872425271,601,5,3
16968,872425273,602,29,4
17032,872425276,602,29,3
24656,872425286,602,14,3
24720,872425289,602,8,4
173016,872425294,602,4,4
172824,872425299,602,1,4
180360,872425308,603,30,4
278800,872425353,609,21,4
279072,872425356,609,27,2
287384,872425366,609,18,1
139528,872425375,609,7,2
147912,872425385,601,20,2
8520,872425390,601,13,2
16848,872425407,602,21,3
24712,872425416,602,8,2
173008,872425419,602,8,3
173000,872425421,602,4,2
172816,872425424,602,4,3
172808,872425426,602,1,2
180552,872425429,602,1,3
180568,872425432,603,23,2
180576,872425433,603,23,3
287048,872425488,609,25,1
287696,872425498,609,11,1
147536,872425505,609,7,1
147848,872425509,601,26,1
147984,872425515,601,20,1
8600,872425520,601,13,1
8664,872425525,601,5,1
8720,872425527,601,5,2
16720,872425530,602,29,1
16776,872425532,602,29,2
16840,872425536,602,21,1
16904,872425537,602,21,2
16656,872425540,602,14,1
24648,872425542,602,14,2
172944,872425547,602,8,1
172760,872425552,602,4,1
172584,872425557,602,1,1
180304,872425562,603,23,1
180296,872425564,603,30,3
287064,872425614,609,21,3
287056,872425616,609,26,5
287144,872425619,609,26,4
287376,872425621,609,19,5
287688,872425626,609,12,5
287760,872425629,609,12,4
287752,872425631,601,31,4
147528,872425632,601,31,5
147600,872425636,601,27,5
147656,872425641,601,21,3
147976,872425642,601,21,5
8528,872425646,601,14,4
8592,872425648,601,14,5
16712,872425659,602,30,5
16648,872425669,602,15,5
172936,872425675,602,9,5
172752,872425680,602,5,5
172576,872425685,602,2,5
287072,872425744,609,26,3
287120,872425749,609,19,3
287368,872425750,609,19,4
287432,872425754,609,12,3
295768,872425761,601,31,3
147592,872425764,601,27,3
147672,872425767,601,27,4
147728,872425770,601,21,4
8584,872425776,601,14,3
8656,872425781,601,6,5
8712,872425783,601,6,4
16592,872425793,602,22,5
172880,872425800,602,9,4
172744,872425807,602,5,4
172568,872425813,602,2,4
172560,872425815,602,3,2
286792,872425870,609,21,2
287440,872425880,609,19,2
287512,872425884,609,12,2
295760,872425888,601,31,2
147720,872425898,601,21,1
8264,872425902,601,14,2
16464,872425915,602,30,4
16536,872425918,602,22,4
16584,872425921,602,22,3
164888,872425925,602,15,3
287136,872426001,609,26,2
287200,872426006,609,19,1
287504,872426011,609,12,1
295832,872426020,601,27,1
147664,872426022,601,27,2
8272,872426028,601,21,2
8648,872426037,601,6,3
16520,872426047,602,22,2
164880,872426053,602,15,2
172872,872426054,602,15,4
172632,872426058,602,9,2
172680,872426061,602,5,2
172512,872426067,602,2,3
287128,872426128,609,26,1
295752,872426143,601,31,1
8336,872426160,601,14,1
8400,872426165,601,6,1
8464,872426167,601,6,2
8456,872426169,602,30,1
16456,872426171,602,30,2
16528,872426172,602,30,3
164824,872426177,602,22,1
164872,872426182,602,15,1
172624,872426186,602,9,1
172688,872426187,602,9,3
172440,872426191,602,5,1
172504,872426192,602,5,3
172496,872426196,602,2,1
172552,872426197,602,2,2
172296,872426199,602,3,1
286856,872426256,609,14,4
287112,872426258,609,14,5
287192,872426261,609,20,5
287496,872426266,609,13,5
295512,872426271,601,32,4
295824,872426273,601,32,5
295816,872426276,601,28,4
295888,872426278,601,28,5
295952,872426281,601,22,5
156488,872426286,601,15,4
8328,872426287,601,15,5
8392,872426294,601,7,5
164816,872426308,602,16,5
172616,872426315,602,10,5
172432,872426320,602,6,5
172488,872426323,602,3,4
287184,872426389,609,20,4
287256,872426394,609,13,3
295504,872426397,609,13,4
295880,872426405,601,28,3
295944,872426409,601,22,3
156496,872426412,601,22,4
156560,872426416,601,15,3
164688,872426428,602,31,5
164752,872426432,602,23,5
164632,872426438,602,16,4
172424,872426448,602,6,4
172232,872426453,602,3,3
286928,872426517,609,20,1
287176,872426518,609,20,3
295496,872426527,601,32,2
295568,872426529,601,32,3
156552,872426543,601,15,2
156624,872426550,601,7,3
156688,872426553,602,31,4
164680,872426556,602,31,3
164744,872426559,602,23,3
164808,872426561,602,23,4
164624,872426568,602,10,4
172376,872426571,602,10,3
287248,872426648,609,20,2
287240,872426650,609,13,2
295640,872426660,601,28,2
295704,872426665,601,22,2
156616,872426678,601,7,2
156680,872426679,601,7,4
164504,872426689,602,23,2
164560,872426692,602,16,3
172448,872426703,602,6,3
295240,872426780,609,13,1
295560,872426784,601,32,1
295632,872426788,601,28,1
156256,872426795,601,22,1
156312,872426798,601,15,1
156376,872426807,601,7,1
156448,872426810,602,31,1
164440,872426812,602,31,2
164496,872426817,602,23,1
164552,872426821,602,16,1
164616,872426822,602,16,2
164376,872426825,602,10,1
172368,872426827,602,10,2
172360,872426829,602,6,2
172176,872426832,602,6,1
286920,872426901,609,14,3
295000,872426906,601,33,3
295256,872426907,601,33,5
295320,872426911,601,30,5
295624,872426916,601,29,5
295696,872426919,601,29,4
295688,872426921,601,23,4
156248,872426923,601,23,5
156240,872426926,601,16,4
156304,872426928,601,16,5
164312,872426950,602,17,5
286984,872427031,609,14,2
295248,872427035,601,33,4
295312,872427039,601,30,4
156232,872427051,601,23,3
156296,872427056,601,16,3
156368,872427061,601,8,5
156432,872427063,601,8,4
156440,872427066,601,1,5
164432,872427068,601,1,4
164488,872427073,602,24,5
164360,872427081,602,11,4
164368,872427082,602,11,5
172104,872427086,602,25,1
172168,872427088,602,25,2
295304,872427167,601,30,3
295384,872427172,601,29,3
295432,872427177,601,23,2
155984,872427182,601,16,2
156360,872427189,601,8,3
164424,872427198,602,24,4
164296,872427205,602,17,3
164304,872427206,602,17,4
164120,872427211,602,11,3
294992,872427290,601,33,2
295048,872427295,601,30,1
295368,872427300,601,29,1
295440,872427303,601,29,2
156056,872427312,601,16,1
156424,872427322,601,1,3
164248,872427329,602,24,3
164112,872427339,602,11,2
294984,872427418,601,33,1
295376,872427426,601,30,2
155992,872427435,601,23,1
156120,872427445,601,8,1
156184,872427447,601,8,2
156176,872427450,601,1,1
164176,872427452,601,1,2
164168,872427454,602,24,2
164240,872427457,602,24,1
164232,872427459,602,17,2
164040,872427462,602,17,1
164104,872427467,602,11,1
295112,872427556,601,34,1
295184,872427558,601,34,2
295176,872427561,601,24,4
155736,872427562,601,24,3
155976,872427563,601,24,5
156048,872427566,601,17,5
156112,872427575,601,9,5
156168,872427578,601,2,5
163920,872427583,602,25,4
156040,872427694,601,17,4
156104,872427703,601,9,4
163976,872427713,602,25,3
155728,872427818,601,24,2
155800,872427822,601,17,3
155864,872427831,601,9,3
155928,872427835,601,2,3
155720,872427946,601,24,1
155792,872427950,601,17,2
155856,872427959,601,9,2
155920,872427963,601,2,2
155784,872428078,601,17,1
155848,872428087,601,9,1
155912,872428091,601,2,1
163912,872428092,601,2,4
671944,872431790,651,17,1
671880,872431799,651,9,1
671816,872431803,651,2,1
663816,872431804,651,2,4
672008,872431914,651,24,1
671952,872431918,651,17,2
671888,872431927,651,9,2
671824,872431931,651,2,2
672016,872432042,651,24,2
671960,872432046,651,17,3
671896,872432055,651,9,3
671832,872432059,651,2,3
672200,872432174,651,17,4
672136,872432183,651,9,4
663752,872432193,650,25,3
680072,872432292,651,34,1
680016,872432294,651,34,2
680008,872432297,651,24,4
672024,872432298,651,24,3
672264,872432299,651,24,5
672208,872432302,651,17,5
672144,872432311,651,9,5
672072,872432314,651,2,5
663824,872432319,650,25,4
680200,872432410,651,33,1
680336,872432418,651,30,2
672280,872432427,651,23,1
672152,872432437,651,8,1
672088,872432439,651,8,2
672080,872432442,651,1,1
664080,872432444,651,1,2
664072,872432446,650,24,2
664016,872432449,650,24,1
664008,872432451,650,17,2
663688,872432454,650,17,1
663624,872432459,650,11,1
680208,872432538,651,33,2
680136,872432543,651,30,1
680328,872432548,651,29,1
680272,872432551,651,29,2
672216,872432560,651,16,1
672328,872432570,651,1,3
664024,872432577,650,24,3
663632,872432587,650,11,2
680392,872432671,651,30,3
680344,872432676,651,29,3
680264,872432681,651,23,2
672272,872432686,651,16,2
672392,872432693,651,8,3
664328,872432702,650,24,4
663944,872432709,650,17,3
663952,872432710,650,17,4
663640,872432715,650,11,3
688200,872432791,652,14,2
680456,872432795,651,33,4
680400,872432799,651,30,4
672520,872432811,651,23,3
672456,872432816,651,16,3
672400,872432821,651,8,5
672336,872432823,651,8,4
672344,872432826,651,1,5
664336,872432828,651,1,4
664264,872432833,650,24,5
663888,872432841,650,11,4
663896,872432842,650,11,5
655624,872432846,650,25,1
655560,872432848,650,25,2
688264,872432917,652,14,3
680216,872432922,651,33,3
680464,872432923,651,33,5
680408,872432927,651,30,5
680584,872432932,651,29,5
680528,872432935,651,29,4
680520,872432937,651,23,4
672536,872432939,651,23,5
672528,872432942,651,16,4
672464,872432944,651,16,5
663960,872432966,650,17,5
680472,872433052,652,13,1
680648,872433056,651,32,1
680592,872433060,651,28,1
672544,872433067,651,22,1
672472,872433070,651,15,1
672408,872433079,651,7,1
672352,872433082,650,31,1
664344,872433084,650,31,2
664272,872433089,650,23,1
664200,872433093,650,16,1
664136,872433094,650,16,2
663880,872433097,650,10,1
655888,872433099,650,10,2
655880,872433101,650,6,2
655568,872433104,650,6,1
688464,872433176,652,20,2
688456,872433178,652,13,2
680600,872433188,651,28,2
680536,872433193,651,22,2
672648,872433206,651,7,2
672584,872433207,651,7,4
664280,872433217,650,23,2
664208,872433220,650,16,3
655816,872433231,650,6,3
688272,872433301,652,20,1
688544,872433302,652,20,3
680712,872433311,651,32,2
680656,872433313,651,32,3
672712,872433327,651,15,2
672656,872433334,651,7,3
672592,872433337,650,31,4
664584,872433340,650,31,3
664520,872433343,650,23,3
664456,872433345,650,23,4
664144,872433352,650,10,4
655896,872433355,650,10,3
688520,872433429,652,20,4
688472,872433434,652,13,3
680720,872433437,652,13,4
680840,872433445,651,28,3
680776,872433449,651,22,3
672784,872433452,651,22,4
672720,872433456,651,15,3
664592,872433468,650,31,5
664528,872433472,650,23,5
664152,872433478,650,16,4
655824,872433488,650,6,4
655496,872433493,650,3,3
688328,872433552,652,14,4
688584,872433554,652,14,5
688528,872433557,652,20,5
688712,872433562,652,13,5
680728,872433567,651,32,4
680912,872433569,651,32,5
680904,872433572,651,28,4
680848,872433574,651,28,5
680784,872433577,651,22,5
672776,872433582,651,15,4
819400,872433583,651,15,5
819336,872433590,651,7,5
664464,872433604,650,16,5
656136,872433611,650,10,5
655832,872433616,650,6,5
655752,872433619,650,3,4
688600,872433680,652,26,1
680968,872433695,651,31,1
819408,872433712,651,14,1
819344,872433717,651,6,1
819280,872433719,651,6,2
819272,872433721,650,30,1
811272,872433723,650,30,2
811216,872433724,650,30,3
664472,872433729,650,22,1
664392,872433734,650,15,1
656144,872433738,650,9,1
656080,872433739,650,9,3
655840,872433743,650,5,1
655768,872433744,650,5,3
655760,872433748,650,2,1
655688,872433749,650,2,2
655432,872433751,650,3,1
688608,872433809,652,26,2
688536,872433814,652,19,1
688720,872433819,652,12,1
680920,872433828,651,27,1
827536,872433830,651,27,2
819472,872433836,651,21,2
819592,872433845,651,6,3
811208,872433855,650,22,2
664400,872433861,650,15,2
656392,872433862,650,15,4
656152,872433866,650,9,2
656072,872433869,650,5,2
655776,872433875,650,2,3
688392,872433934,652,21,2
688784,872433944,652,19,2
688728,872433948,652,12,2
680976,872433952,651,31,2
827464,872433962,651,21,1
819464,872433966,651,14,2
811280,872433979,650,30,4
811224,872433982,650,22,4
811144,872433985,650,22,3
664408,872433989,650,15,3
688648,872434064,652,26,3
688592,872434069,652,19,3
688840,872434070,652,19,4
688776,872434074,652,12,3
680984,872434081,651,31,3
827592,872434084,651,27,3
827544,872434087,651,27,4
827472,872434090,651,21,4
819656,872434096,651,14,3
819600,872434101,651,6,5
819536,872434103,651,6,4
811152,872434113,650,22,5
656400,872434120,650,9,4
656008,872434127,650,5,4
655720,872434133,650,2,4
655704,872434135,650,3,2
688656,872434190,652,21,3
688664,872434192,652,26,5
688616,872434195,652,26,4
688848,872434197,652,19,5
689032,872434202,652,12,5
688976,872434205,652,12,4
688968,872434207,651,31,4
827656,872434208,651,31,5
827600,872434212,651,27,5
827528,872434217,651,21,3
827720,872434218,651,21,5
819720,872434222,651,14,4
819664,872434224,651,14,5
811528,872434235,650,30,5
811080,872434245,650,15,5
656328,872434251,650,9,5
656016,872434256,650,5,5
655712,872434261,650,2,5
688672,872434320,652,25,1
689040,872434330,652,11,1
827664,872434337,652,7,1
827848,872434341,651,26,1
827728,872434347,651,20,1
819672,872434352,651,13,1
819608,872434357,651,5,1
819528,872434359,651,5,2
811536,872434362,650,29,1
811464,872434364,650,29,2
811400,872434368,650,21,1
811336,872434369,650,21,2
811088,872434372,650,14,1
803080,872434374,650,14,2
656336,872434379,650,8,1
656024,872434384,650,4,1
655696,872434389,650,1,1
647440,872434394,649,23,1
647432,872434396,649,30,3
696400,872434441,652,21,4
696664,872434444,652,27,2
688856,872434454,652,18,1
835656,872434463,652,7,2
827784,872434473,651,20,2
819728,872434478,651,13,2
811408,872434495,650,21,3
803016,872434504,650,8,2
656272,872434507,650,8,3
656264,872434509,650,4,2
655952,872434512,650,4,3
655960,872434514,650,1,2
647696,872434517,650,1,3
647712,872434520,649,23,2
647704,872434521,649,23,3
696392,872434571,652,27,1
696648,872434572,652,27,3
688912,872434578,652,25,2
689096,872434584,652,18,2
835720,872434588,652,11,2
835664,872434591,652,7,3
827912,872434596,651,26,2
827856,872434598,651,26,3
819848,872434612,651,5,4
819784,872434615,651,5,3
811784,872434617,650,29,4
811720,872434620,650,29,3
803088,872434630,650,14,3
803024,872434633,650,8,4
656280,872434638,650,4,4
655944,872434643,650,1,4
647368,872434652,649,30,4
696656,872434701,652,27,4
696672,872434704,652,25,3
688904,872434709,652,18,3
689160,872434710,652,18,4
689104,872434714,652,11,3
835728,872434716,652,11,4
828040,872434729,651,20,3
827976,872434732,651,20,4
819976,872434734,651,13,3
819912,872434737,651,13,4
819792,872434743,651,5,5
811728,872434748,650,29,5
811344,872434753,650,21,4
803336,872434755,650,14,4
803272,872434758,650,14,5
647688,872434776,649,23,4
647640,872434778,649,23,5
696456,872434825,652,21,5
696712,872434827,652,27,5
696904,872434832,652,25,5
688920,872434835,652,25,4
689168,872434837,652,18,5
835784,872434842,652,11,5
835976,872434847,652,7,5
835912,872434850,652,7,4
827920,872434852,651,26,4
828104,872434854,651,26,5
828048,872434857,651,20,5
819984,872434862,651,13,5
811656,872434879,650,21,5
802952,872434891,650,8,5
656208,872434896,650,4,5
647952,872434901,650,1,5
696520,872434950,652,31,1
696912,872434960,652,24,1
835792,872434971,652,10,1
828296,872434986,651,19,1
820104,872434996,651,4,1
820040,872434998,651,4,2
812048,872434999,651,4,3
812040,872435000,650,28,4
811976,872435003,650,28,1
811912,872435004,650,28,2
811664,872435006,650,20,1
811592,872435008,650,20,2
803600,872435009,650,20,3
803280,872435014,650,13,1
803208,872435016,650,7,2
802960,872435019,650,7,1
656200,872435023,649,29,1
648200,872435024,649,29,3
647944,872435029,649,26,1
647632,872435034,649,22,1
647320,872435039,649,19,1
696720,872435083,652,30,1
689176,872435094,652,17,1
835856,872435096,652,17,2
835984,872435103,652,6,1
836176,872435105,652,6,2
828168,872435109,651,25,1
828112,872435111,651,25,2
820232,872435119,651,12,1
820168,872435121,651,12,2
803592,872435140,650,13,2
802896,872435147,650,7,3
802888,872435149,649,29,2
648208,872435154,649,26,2
647896,872435157,649,26,3
647624,872435162,649,22,2
647576,872435164,649,19,3
647312,872435167,649,19,2
696528,872435206,652,31,2
696728,872435212,652,30,2
696968,872435214,652,30,3
696976,872435216,652,24,3
697168,872435219,652,24,2
835848,872435226,652,10,2
836040,872435228,652,10,3
836232,872435232,652,6,3
828360,872435241,651,19,2
820360,872435252,651,4,4
811984,872435258,650,28,3
811848,872435262,650,20,4
803528,872435269,650,13,3
803464,872435270,650,13,4
803216,872435272,650,7,4
647888,872435287,649,22,3
647568,872435290,649,22,4
647304,872435295,649,19,4
696776,872435336,652,31,3
697160,872435349,652,17,3
843848,872435350,652,17,4
836104,872435354,652,10,4
836168,872435364,651,25,3
828304,872435371,651,19,3
828232,872435374,651,12,3
811920,872435388,650,28,5
803536,872435396,650,13,5
794896,872435407,649,29,4
647880,872435413,649,26,4
647832,872435416,649,22,5
647560,872435421,649,19,5
696536,872435462,652,31,4
696792,872435464,652,31,5
696784,872435467,652,30,4
697032,872435469,652,30,5
696984,872435472,652,24,4
697224,872435474,652,24,5
843856,872435477,652,17,5
836112,872435482,652,10,5
836296,872435487,652,6,4
836240,872435489,652,6,5
836424,872435492,651,25,5
828424,872435495,651,25,4
828368,872435497,651,19,5
828240,872435501,651,19,4
820488,872435502,651,12,5
820424,872435505,651,12,4
820296,872435511,651,4,5
803848,872435521,650,20,5
803144,872435531,650,7,5
794888,872435536,649,29,5
648144,872435539,649,26,5
697040,872435595,652,28,1
697232,872435601,652,23,1
836368,872435612,652,9,1
836432,872435621,652,3,1
820368,872435636,651,3,1
812296,872435639,651,3,3
812232,872435641,650,27,1
812168,872435643,650,27,2
812104,872435644,650,27,3
803856,872435648,650,19,1
803784,872435649,650,19,2
803472,872435654,650,12,1
803408,872435657,649,32,1
795152,872435659,649,32,2
795144,872435661,649,28,2
794832,872435664,649,28,1
648136,872435668,649,25,1
648088,872435669,649,25,2
647824,872435674,649,21,1
647496,872435677,649,18,1
647240,872435679,649,18,2
696840,872435720,652,29,1
697048,872435724,652,28,2
843912,872435733,652,16,1
844104,872435736,652,16,2
836304,872435744,652,5,1
836552,872435746,652,5,2
828616,872435754,651,18,1
828552,872435756,651,18,2
803720,872435779,650,12,2
803400,872435782,650,12,3
795408,872435785,649,32,3
794824,872435792,649,28,3
647816,872435801,649,21,2
647760,872435802,649,21,3
696584,872435846,652,29,2
696848,872435847,652,29,3
697288,872435856,652,23,2
843920,872435862,652,16,3
844112,872435866,652,9,2
836488,872435876,652,3,2
836680,872435879,652,3,3
828680,872435881,651,18,3
828488,872435886,651,11,1
820496,872435887,651,11,2
820432,872435889,651,11,3
820304,872435894,651,3,2
804104,872435902,650,19,3
804040,872435903,650,19,4
803728,872435908,650,12,4
794768,872435920,649,28,4
648080,872435925,649,25,3
647512,872435934,649,18,3
696856,872435975,652,29,4
697096,872435979,652,28,3
697296,872435984,652,23,3
844360,872435996,652,9,3
836360,872435999,652,5,3
836616,872436000,652,5,4
836744,872436006,652,3,4
828872,872436009,651,18,4
820680,872436016,651,11,4
820552,872436021,651,3,4
812488,872436023,651,3,5
812360,872436028,650,27,4
803976,872436033,650,19,5
795400,872436041,649,32,5
795344,872436043,649,32,4
648072,872436053,649,25,5
648024,872436055,649,21,4
647752,872436058,649,21,5
647504,872436062,649,18,4
639512,872436063,649,18,5
704840,872436102,652,29,5
697104,872436107,652,28,5
697352,872436110,652,28,4
697304,872436112,652,23,5
843976,872436115,652,23,4
843984,872436117,652,16,4
844168,872436119,652,16,5
844424,872436122,652,9,4
844368,872436124,652,9,5
836624,872436127,652,5,5
836808,872436132,652,3,5
828880,872436137,651,18,5
828744,872436142,651,11,5
812368,872436156,650,27,5
803656,872436166,650,12,5
795080,872436174,649,28,5
794760,872436178,649,25,4
844232,872436245,652,15,1
844432,872436250,652,8,1
844616,872436255,652,4,1
836816,872436260,652,2,1
820808,872436277,650,32,1
812744,872436279,650,32,2
812376,872436282,650,26,1
804296,872436284,650,26,2
803984,872436288,650,18,1
803920,872436289,650,18,2
803912,872436291,649,33,2
795656,872436294,649,33,1
795336,872436299,649,31,1
795024,872436304,649,27,1
794704,872436307,649,24,1
648008,872436309,649,24,2
648016,872436312,649,20,1
639768,872436314,649,20,2
639760,872436316,649,17,2
639504,872436319,649,17,1
639240,872436321,649,30,1
704848,872436358,653,26,1
697368,872436365,653,25,1
844040,872436370,652,22,1
844240,872436374,652,15,2
836872,872436386,652,4,2
836944,872436391,652,2,2
836936,872436393,652,1,2
828888,872436395,652,1,1
820936,872436400,651,10,1
820816,872436405,650,32,3
795592,872436422,649,33,3
795600,872436424,649,31,2
795272,872436427,649,31,3
795016,872436431,649,27,2
794952,872436432,649,27,3
794696,872436435,649,24,3
639496,872436447,649,17,3
704584,872436484,653,27,1
704856,872436486,653,26,3
705104,872436489,653,26,2
705096,872436491,653,25,2
697360,872436496,652,22,2
844048,872436498,652,22,3
844488,872436506,652,8,3
844680,872436509,652,8,2
844872,872436513,652,4,4
829000,872436526,651,10,2
812752,872436535,650,32,4
804552,872436540,650,26,3
804176,872436543,650,18,3
795912,872436548,649,33,4
640016,872436568,649,20,3
639752,872436570,649,20,4
705160,872436616,653,26,4
705352,872436621,653,25,3
852040,872436624,652,22,4
844296,872436629,652,15,3
844744,872436636,652,8,4
844688,872436639,652,4,3
836880,872436644,652,2,3
837064,872436646,652,2,4
837192,872436649,652,1,3
829008,872436654,651,10,4
820944,872436657,651,10,3
804560,872436668,650,26,5
804168,872436671,650,18,4
796112,872436673,650,18,5
795528,872436681,649,31,4
795216,872436683,649,31,5
795208,872436685,649,27,4
794960,872436688,649,27,5
786712,872436693,649,24,4
640008,872436696,649,20,5
639704,872436701,649,17,4
639440,872436703,649,17,5
639184,872436705,649,30,2
704648,872436740,653,27,2
704904,872436742,653,26,5
705112,872436747,653,25,4
705360,872436749,653,25,5
852048,872436752,652,22,5
844304,872436757,652,15,5
844552,872436760,652,15,4
844560,872436762,652,8,5
844936,872436767,652,4,5
837072,872436772,652,2,5
837200,872436777,652,1,5
829128,872436780,652,1,4
812616,872436793,650,26,4
795848,872436806,649,33,5
786704,872436821,649,24,5
704656,872436865,653,37,1
852056,872436880,653,34,1
844808,872436890,653,28,1
845000,872436895,652,33,1
845384,872436902,652,32,1
804568,872436922,650,3,5
804424,872436923,650,25,5
796368,872436927,649,16,1
796104,872436929,649,16,2
795992,872436931,649,15,2
795784,872436934,649,15,1
795472,872436939,649,14,1
787216,872436942,649,13,1
786952,872436944,649,13,2
786696,872436949,649,8,1
639952,872436952,649,7,1
639688,872436954,649,7,2
639432,872436959,649,6,1
639176,872436964,649,5,1
704712,872436993,653,37,2
704912,872436998,653,36,1
705176,872437000,653,36,2
705168,872437003,653,35,2
705416,872437005,653,35,1
852296,872437013,653,29,2
852552,872437015,653,29,1
844816,872437019,653,28,2
845128,872437028,652,32,2
837320,872437034,652,14,1
795720,872437062,649,15,3
795464,872437066,649,14,2
787472,872437067,649,14,3
787208,872437070,649,13,3
786640,872437077,649,8,2
639944,872437080,649,7,3
639696,872437085,649,6,2
639128,872437092,649,5,2
705232,872437127,653,36,3
705424,872437133,653,35,3
852104,872437136,653,34,2
852112,872437137,653,34,3
852560,872437143,653,29,3
852808,872437146,653,28,3
845064,872437151,652,33,3
845256,872437154,652,33,2
845392,872437161,652,21,1
796360,872437183,649,16,3
795984,872437185,649,16,4
786896,872437200,649,13,4
786632,872437205,649,8,3
639640,872437210,649,7,4
639648,872437214,649,6,3
639384,872437215,649,6,4
639120,872437220,649,5,3
704720,872437249,653,37,3
852816,872437274,653,28,4
845272,872437281,652,33,4
845400,872437286,652,32,3
795976,872437316,649,15,4
787720,872437318,649,15,5
787464,872437323,649,14,4
787144,872437326,649,13,5
786576,872437333,649,8,5
639888,872437336,649,7,5
639632,872437341,649,6,5
639376,872437345,649,5,4
639112,872437348,649,5,5
704728,872437377,653,37,5
704976,872437380,653,37,4
704968,872437382,653,36,4
705240,872437384,653,36,5
705224,872437387,653,35,4
705480,872437389,653,35,5
852168,872437392,653,34,5
852360,872437395,653,34,4
852368,872437397,653,29,4
852616,872437399,653,29,5
852872,872437402,653,28,5
853064,872437407,652,33,5
845264,872437412,652,32,4
845512,872437413,652,32,5
796232,872437440,649,16,5
787408,872437451,649,14,5
786888,872437458,649,8,4
705488,872437516,653,39,1
852880,872437530,653,32,1
788176,872437569,649,12,1
787912,872437571,649,11,2
787656,872437574,649,11,1
787400,872437579,649,10,1
787088,872437582,649,9,1
786824,872437584,649,9,2
786568,872437589,649,4,1
639880,872437593,649,3,1
639568,872437594,649,3,2
639368,872437599,649,2,1
639320,872437601,649,1,2
639064,872437604,649,1,1
704776,872437633,653,41,1
704984,872437638,653,40,1
705248,872437640,653,40,2
852176,872437648,653,38,1
852432,872437650,653,38,2
852424,872437653,653,33,2
852680,872437655,653,33,1
853128,872437663,653,31,1
853320,872437666,653,31,2
853576,872437668,653,30,1
853584,872437669,653,30,2
788168,872437697,649,12,2
787600,872437704,649,10,2
787336,872437707,649,10,3
787080,872437710,649,9,3
786832,872437715,649,4,2
639824,872437721,649,3,3
639624,872437725,649,2,2
639056,872437732,649,1,3
705032,872437764,653,41,2
705544,872437772,653,39,3
852496,872437777,653,38,3
852688,872437783,653,33,3
852936,872437786,653,32,3
853192,872437789,653,32,2
853200,872437791,653,31,3
788048,872437825,649,12,3
787784,872437827,649,11,4
787592,872437830,649,11,3
786768,872437840,649,9,4
786776,872437844,649,4,3
786512,872437845,649,4,4
639576,872437853,649,2,3
639312,872437855,649,2,4
639304,872437857,649,1,4
704784,872437889,653,41,3
705296,872437896,653,40,3
853264,872437916,653,32,4
853704,872437924,653,30,3
788040,872437953,649,12,4
787536,872437958,649,11,5
787528,872437961,649,10,4
787272,872437963,649,10,5
787016,872437966,649,9,5
786760,872437971,649,4,5
639816,872437977,649,3,4
639048,872437988,649,1,5
704792,872438017,653,41,5
705048,872438020,653,41,4
705040,872438022,653,40,4
705304,872438023,653,40,5
705288,872438027,653,39,2
705552,872438028,653,39,4
852232,872438030,653,39,5
852240,872438032,653,38,4
852504,872438034,653,38,5
852488,872438037,653,33,4
852744,872438039,653,33,5
853000,872438042,653,32,5
853256,872438047,653,31,5
853448,872438050,653,31,4
853712,872438052,653,30,4
786504,872438103,649,3,5
639560,872438110,649,2,5
713296,872438151,653,16,5
860240,872438158,653,15,5
779984,872438209,648,12,4
779720,872438211,648,11,4
779536,872438214,648,11,5
779272,872438219,648,10,5
779016,872438222,648,9,5
778768,872438224,648,9,4
778776,872438227,648,4,5
778512,872438229,648,4,4
778504,872438231,648,3,5
631824,872438233,648,3,4
631560,872438234,648,3,2
631576,872438238,648,2,5
631320,872438239,648,2,4
631312,872438241,648,1,4
631064,872438244,648,1,5
712776,872438273,653,17,5
713544,872438284,653,15,4
860496,872438290,653,14,5
860744,872438295,653,9,5
861000,872438298,653,8,5
861264,872438300,653,8,4
861256,872438303,653,7,5
861768,872438308,653,6,4
779976,872438337,648,12,3
779528,872438345,648,10,4
631568,872438365,648,2,3
631056,872438372,648,1,3
713040,872438404,653,17,4
713032,872438406,653,16,4
713304,872438408,653,16,3
860232,872438416,653,14,4
860504,872438417,653,14,3
860488,872438421,653,9,4
861320,872438431,653,7,3
861512,872438434,653,7,4
861776,872438436,653,6,3
779472,872438470,648,11,3
779464,872438472,648,10,2
779208,872438475,648,10,3
778960,872438478,648,9,3
778760,872438484,648,4,3
631816,872438489,648,3,3
631304,872438497,648,1,2
712784,872438529,653,17,3
713352,872438536,653,16,2
713552,872438540,653,15,3
860560,872438546,653,14,2
860808,872438551,653,9,3
861064,872438554,653,8,3
861328,872438557,653,8,2
861896,872438564,653,6,2
779856,872438592,648,12,2
779848,872438593,648,12,1
779592,872438595,648,11,2
779400,872438598,648,11,1
778952,872438606,648,9,1
778704,872438608,648,9,2
778696,872438611,648,4,2
778448,872438613,648,4,1
631520,872438621,648,2,2
631256,872438623,648,2,1
631048,872438628,648,1,1
712792,872438657,653,17,1
713048,872438660,653,17,2
713096,872438662,653,16,1
713288,872438667,653,15,2
713608,872438668,653,15,1
860296,872438672,653,14,1
860552,872438677,653,9,2
860816,872438679,653,9,1
861128,872438682,653,8,1
861384,872438687,653,7,1
861640,872438690,653,7,2
861904,872438692,653,6,1
779152,872438731,648,10,1
631760,872438745,648,3,1
860624,872438803,653,10,4
861136,872438810,653,4,5
869960,872438821,654,32,5
771784,872438848,648,16,5
771536,872438849,648,16,4
779336,872438854,648,15,5
779144,872438859,648,14,5
778888,872438862,648,13,5
778640,872438864,648,13,4
778632,872438866,648,8,4
778440,872438869,648,8,5
631752,872438872,648,7,5
631504,872438874,648,7,4
631512,872438877,648,6,5
631248,872438879,648,6,4
631240,872438881,648,5,4
631000,872438884,648,5,5
712840,872438913,653,13,5
713112,872438916,653,13,4
713368,872438920,653,12,5
713616,872438925,653,11,5
860304,872438928,653,10,5
860872,872438935,653,5,5
861192,872438938,653,4,4
861448,872438943,654,33,5
869712,872438945,654,33,4
771664,872438975,648,16,3
771544,872438980,648,15,4
779088,872438987,648,14,4
630992,872439012,648,5,3
712848,872439041,653,13,3
713104,872439046,653,12,4
713376,872439047,653,12,3
713360,872439051,653,11,4
860360,872439056,653,10,3
860616,872439061,653,5,4
869704,872439076,654,32,4
870088,872439078,654,32,3
771672,872439100,647,3,5
771528,872439107,648,15,2
771336,872439110,648,15,3
779080,872439115,648,14,3
778832,872439118,648,13,3
778384,872439124,648,8,3
778376,872439125,648,8,2
631696,872439128,648,7,3
631496,872439134,648,6,3
712856,872439169,653,13,2
713424,872439176,653,12,2
713672,872439181,653,11,3
860368,872439184,653,10,2
860936,872439191,653,5,3
861200,872439194,653,4,3
869192,872439195,653,4,2
869448,872439199,654,33,3
763592,872439227,647,25,5
771400,872439233,648,16,2
771088,872439242,648,14,2
778824,872439246,648,13,1
778568,872439248,648,13,2
631688,872439256,648,7,1
631448,872439258,648,7,2
631440,872439261,648,6,2
631184,872439263,648,6,1
630984,872439268,648,5,2
712904,872439297,653,13,1
713160,872439302,653,12,1
713416,872439307,653,11,2
713680,872439309,653,11,1
860424,872439312,653,10,1
860680,872439317,653,5,2
860944,872439319,653,5,1
869200,872439322,653,4,1
869512,872439327,654,33,1
869720,872439330,654,33,2
869832,872439332,654,32,2
870096,872439334,654,32,1
878152,872439338,654,14,1
878296,872439339,654,21,1
771656,872439359,648,16,1
771272,872439366,648,15,1
771080,872439371,648,14,1
778328,872439381,648,8,1
630928,872439396,648,5,1
860432,872439440,654,22,5
869576,872439455,654,4,5
886344,872439468,654,1,4
755400,872439481,647,26,4
763472,872439484,647,26,5
763344,872439489,647,18,5
771208,872439494,648,33,5
770832,872439499,648,31,5
770824,872439501,648,27,4
770576,872439504,648,27,5
778320,872439509,648,24,5
631632,872439512,648,20,5
631384,872439514,648,20,4
631176,872439519,648,17,5
630920,872439521,648,30,2
712912,872439556,653,3,2
713168,872439558,653,2,5
713432,872439560,653,2,4
713736,872439565,653,1,5
860440,872439568,654,22,4
868688,872439573,654,15,5
868944,872439576,654,15,4
868936,872439578,654,8,5
869256,872439580,654,8,4
869840,872439588,654,2,5
877896,872439590,654,2,4
878288,872439593,654,1,5
747216,872439604,647,32,3
755280,872439607,647,32,4
763464,872439612,647,26,3
763336,872439615,647,18,4
763152,872439617,647,18,3
770960,872439622,648,33,3
771016,872439625,648,31,4
770568,872439632,648,27,3
778312,872439637,648,24,4
631624,872439640,648,20,3
631432,872439645,648,17,4
713480,872439691,653,1,4
713744,872439693,653,1,3
869640,872439713,654,4,4
877904,872439718,654,2,3
878280,872439721,654,1,3
886480,872439726,646,10,4
755272,872439735,647,32,2
771144,872439748,648,33,4
770952,872439752,648,31,2
770760,872439755,648,31,3
770320,872439763,648,24,3
623640,872439765,648,24,2
631376,872439770,648,20,2
631368,872439772,648,17,2
631128,872439775,648,17,3
630856,872439777,648,30,1
713224,872439814,653,2,3
868424,872439826,654,22,3
868680,872439829,654,15,3
868744,872439830,654,15,2
869000,872439834,654,8,3
869328,872439837,654,8,2
869320,872439839,654,4,3
747088,872439856,646,10,3
747208,872439861,647,32,1
755160,872439866,647,26,1
763216,872439868,647,26,2
763208,872439870,647,18,2
763144,872439875,648,33,2
770512,872439887,648,27,2
770312,872439891,648,24,1
623632,872439896,648,20,1
631120,872439903,648,17,1
712968,872439940,653,3,1
713232,872439942,653,2,1
713496,872439945,653,2,2
713488,872439947,653,1,2
721744,872439949,653,1,1
721736,872439952,654,22,2
868432,872439954,654,22,1
868752,872439957,654,15,1
869064,872439962,654,8,1
869384,872439967,654,4,1
877648,872439970,654,4,2
877640,872439972,654,2,2
877712,872439973,654,2,1
878024,872439977,654,1,2
886104,872439979,654,1,1
886472,872439982,646,10,2
747080,872439984,646,10,1
763088,872440001,647,18,1
770888,872440006,648,33,1
770704,872440011,648,31,1
770504,872440016,648,27,1
868496,872440083,654,23,4
868808,872440087,654,16,5
877384,872440095,654,5,5
886096,872440105,646,18,5
755016,872440119,646,3,5
755152,872440124,647,27,5
763080,872440129,647,19,5
762896,872440134,647,12,5
770640,872440137,648,32,5
770696,872440139,648,32,4
770440,872440142,648,28,5
770256,872440144,648,28,4
770248,872440146,648,25,4
623576,872440149,648,25,5
623624,872440151,648,21,4
623376,872440154,648,21,5
631112,872440159,648,18,5
713240,872440198,654,29,5
721232,872440199,654,29,4
721480,872440203,654,28,5
721752,872440206,654,28,4
721800,872440208,654,23,5
869072,872440218,654,9,4
869128,872440220,654,9,5
877704,872440228,654,3,5
886088,872440233,646,18,4
886216,872440238,646,11,5
746824,872440240,646,11,4
746952,872440245,646,3,4
755144,872440252,647,27,4
763016,872440255,647,19,4
762888,872440261,647,12,4
762640,872440262,647,12,3
770632,872440265,648,32,3
623568,872440277,648,25,3
623368,872440282,648,21,3
623128,872440286,648,18,4
721240,872440327,654,29,3
721808,872440336,654,23,3
868488,872440341,654,16,4
877456,872440353,654,5,4
877768,872440358,654,3,4
877832,872440359,654,3,3
746576,872440367,646,11,2
746704,872440372,646,3,3
746768,872440374,646,3,2
754760,872440375,646,3,1
754952,872440380,647,27,3
762952,872440382,647,19,3
762760,872440385,647,19,2
770376,872440395,648,32,2
770192,872440399,648,28,3
623560,872440405,648,25,2
623120,872440414,648,18,3
622856,872440415,648,18,2
721488,872440459,654,28,3
721544,872440460,654,28,2
868552,872440469,654,16,3
869136,872440476,654,9,3
877128,872440479,654,5,3
877448,872440482,654,5,2
754824,872440505,647,27,2
754888,872440507,647,27,1
762824,872440515,647,12,2
762576,872440517,647,12,1
770384,872440525,648,28,2
770184,872440528,648,28,1
623320,872440537,648,21,2
623112,872440541,648,18,1
720968,872440582,654,29,2
721224,872440584,654,29,1
721552,872440587,654,28,1
721816,872440592,654,23,2
721864,872440593,654,23,1
868560,872440597,654,16,1
868880,872440600,654,16,2
868872,872440602,654,9,2
877136,872440604,654,9,1
877200,872440607,654,5,1
877512,872440612,654,3,2
877584,872440613,654,3,1
885832,872440617,646,18,3
885896,872440618,646,18,2
885960,872440620,646,18,1
886024,872440622,646,11,3
746640,872440625,646,11,1
762704,872440640,647,19,1
762632,872440649,648,32,1
623504,872440660,648,25,1
623312,872440666,648,21,1
721872,872440722,654,24,5
868616,872440725,654,17,5
876872,872440730,654,10,5
877576,872440740,646,25,5
746568,872440750,646,12,5
746696,872440756,646,4,4
746760,872440759,646,4,5
754504,872440760,647,28,4
754640,872440764,647,28,5
754696,872440766,647,20,4
762696,872440769,647,20,5
762512,872440772,647,13,5
762568,872440774,647,13,4
762384,872440779,647,7,5
770128,872440784,648,29,5
623496,872440787,648,26,5
623256,872440789,648,26,4
623304,872440792,648,22,5
623056,872440794,648,22,4
623064,872440797,648,19,5
622808,872440799,648,19,4
721296,872440840,654,31,5
721560,872440845,654,30,5
721608,872440848,654,24,4
868624,872440854,654,17,4
877264,872440865,654,6,5
885648,872440873,646,19,5
754512,872440887,646,4,3
754576,872440890,647,28,3
762448,872440897,647,20,3
762376,872440907,647,7,4
770120,872440911,648,29,4
623440,872440912,648,29,3
623048,872440925,648,19,3
721032,872440966,654,31,4
721288,872440971,654,30,4
721616,872440974,654,30,3
876944,872440989,654,10,4
877192,872440991,654,6,4
877256,872440992,654,6,3
885576,872440999,646,25,4
885712,872441003,646,19,3
746632,872441009,646,12,4
754632,872441020,647,28,2
762504,872441029,647,13,3
762312,872441033,647,7,3
762128,872441035,647,7,2
623432,872441042,648,26,2
623248,872441045,648,26,3
623240,872441047,648,22,3
623000,872441049,648,22,2
622800,872441055,648,19,2
721040,872441094,654,31,2
721304,872441097,654,31,3
721352,872441099,654,30,2
721624,872441104,654,24,3
721936,872441107,654,24,2
876624,872441112,654,17,2
876616,872441114,654,10,3
877328,872441121,654,6,2
746440,872441140,646,4,2
746504,872441142,646,4,1
754384,872441150,647,20,2
754440,872441152,647,20,1
762440,872441156,647,13,2
762256,872441158,647,13,1
762120,872441165,648,29,2
615448,872441167,648,29,1
622992,872441178,648,22,1
721048,872441222,654,31,1
721360,872441227,654,30,1
721672,872441232,654,24,1
721928,872441237,654,17,3
729928,872441238,654,17,1
876688,872441242,654,10,1
876936,872441245,654,10,2
877008,872441247,654,6,1
877320,872441252,646,25,3
885320,872441253,646,25,2
885392,872441255,646,25,1
885640,872441257,646,19,2
885704,872441258,646,19,1
885776,872441261,646,19,4
885768,872441262,646,12,3
746312,872441263,646,12,2
746376,872441265,646,12,1
754568,872441275,647,28,1
762064,872441290,647,7,1
623184,872441301,648,26,1
622792,872441311,648,19,1
721680,872441360,654,25,5
729936,872441365,654,18,5
876680,872441370,654,11,5
885384,872441382,646,26,5
746256,872441399,646,5,5
754320,872441404,647,29,5
754376,872441407,647,21,5
754192,872441409,647,21,4
762184,872441411,647,14,4
762248,872441414,647,14,5
762056,872441419,647,8,5
615440,872441424,647,4,5
615192,872441426,647,1,4
623176,872441429,647,1,5
622984,872441434,648,23,5
622728,872441436,648,30,4
721368,872441483,654,27,5
721416,872441485,654,27,4
877000,872441503,654,7,5
877064,872441506,654,7,4
885072,872441508,646,26,4
885456,872441513,646,20,5
746064,872441518,646,13,5
746184,872441524,646,5,4
746248,872441527,646,5,3
754248,872441529,647,29,4
754312,872441532,647,29,3
762000,872441545,647,8,4
615376,872441547,647,8,3
615432,872441551,647,4,4
615184,872441552,647,4,3
622920,872441557,647,1,3
622928,872441560,648,23,4
721096,872441609,654,21,5
729672,872441618,654,25,4
730008,872441623,654,18,4
876752,872441628,654,11,4
876816,872441631,654,7,3
885448,872441641,646,20,3
885512,872441644,646,20,4
746056,872441646,646,13,3
746120,872441649,646,13,4
754128,872441663,647,21,3
754184,872441665,647,21,2
761936,872441670,647,14,3
761992,872441673,647,8,2
615368,872441677,647,4,2
615176,872441683,647,1,2
622944,872441689,648,23,3
622672,872441690,648,23,1
721432,872441740,654,27,3
721440,872441741,654,27,2
721424,872441744,654,25,3
729688,872441747,654,25,2
729680,872441749,654,18,3
729992,872441752,654,18,2
730000,872441754,654,11,3
876744,872441757,654,11,2
885136,872441766,646,26,3
746000,872441783,646,5,2
754056,872441788,647,29,2
761928,872441798,647,14,2
615128,872441807,647,4,1
622936,872441817,648,23,2
622664,872441820,648,30,3
721168,872441865,654,21,4
721160,872441867,654,27,1
729424,872441872,654,25,1
729752,872441877,654,18,1
730064,872441882,654,11,1
876808,872441887,654,7,2
884816,872441889,654,7,1
885064,872441892,646,26,2
885128,872441893,646,26,1
885192,872441897,646,20,2
885264,872441899,646,20,1
745800,872441902,646,13,2
745880,872441904,646,13,1
745944,872441909,646,5,1
754000,872441914,647,29,1
754120,872441920,647,21,1
753936,872441924,647,14,1
615312,872441931,647,8,1
614944,872441941,647,1,1
729432,872442000,654,26,5
729744,872442005,654,19,5
730056,872442010,654,12,5
884808,872442016,646,31,5
885256,872442026,646,21,5
745936,872442037,646,6,5
745992,872442039,646,6,4
753992,872442043,647,30,5
753808,872442044,647,30,3
753872,872442049,647,22,5
753928,872442053,647,15,5
615240,872442054,647,15,4
615248,872442056,647,9,4
615304,872442059,647,9,5
615120,872442064,647,5,5
614888,872442066,647,2,4
614936,872442069,647,2,5
614928,872442071,647,3,2
729440,872442126,654,21,3
729448,872442128,654,26,4
729736,872442134,654,19,4
730128,872442141,654,12,4
884880,872442148,646,27,5
745808,872442158,646,14,4
745872,872442160,646,14,5
745928,872442165,646,6,3
753744,872442171,647,30,4
753816,872442174,647,22,4
753864,872442177,647,22,3
607256,872442180,647,15,3
615056,872442187,647,9,3
615112,872442191,647,5,4
614872,872442192,647,5,3
614920,872442197,647,2,3
738136,872442272,646,31,3
884872,872442276,646,27,3
884952,872442279,646,27,4
885008,872442282,646,21,4
745744,872442295,646,6,2
753736,872442299,647,30,1
607248,872442309,647,15,2
615000,872442313,647,9,2
615048,872442317,647,5,2
614664,872442327,647,3,1
729504,872442386,654,26,3
729808,872442392,654,19,2
729880,872442395,654,12,2
730120,872442399,646,31,4
738128,872442400,646,31,2
884944,872442406,646,27,2
745864,872442416,646,14,3
745736,872442425,647,30,2
753800,872442431,647,22,2
607192,872442433,647,22,1
614992,872442442,647,9,1
614808,872442447,647,5,1
614880,872442452,647,2,2
729160,872442510,654,21,2
729416,872442512,654,26,2
729496,872442513,654,26,1
729488,872442517,654,19,3
729568,872442518,654,19,1
729800,872442522,654,12,3
729872,872442523,654,12,1
738120,872442527,646,31,1
738200,872442532,646,27,1
884936,872442537,646,21,3
885000,872442538,646,21,2
745552,872442540,646,21,1
745544,872442542,646,14,2
745616,872442544,646,14,1
745680,872442549,646,6,1
607240,872442566,647,15,1
614864,872442581,647,2,1
729480,872442642,654,14,5
729560,872442645,654,20,5
729864,872442650,654,13,5
738192,872442657,646,32,5
745608,872442671,646,15,5
745672,872442678,646,7,5
599048,872442679,646,7,4
607056,872442684,647,31,5
607120,872442687,647,23,5
607176,872442689,647,23,4
607184,872442692,647,16,5
607000,872442694,647,16,4
614984,872442699,647,10,5
614800,872442704,647,6,5
614600,872442706,647,3,3
614856,872442707,647,3,4
729224,872442768,654,14,4
729552,872442773,654,20,4
737880,872442783,646,32,4
738256,872442789,646,28,5
738320,872442793,646,22,5
598992,872442805,646,7,3
599056,872442809,647,31,4
607048,872442812,647,31,3
607112,872442816,647,23,3
606992,872442824,647,10,4
614744,872442827,647,10,3
614792,872442832,647,6,4
729624,872442906,654,13,3
737872,872442909,654,13,4
738184,872442916,646,28,4
738248,872442918,646,28,3
738312,872442921,646,22,3
598864,872442924,646,22,4
598928,872442927,646,15,3
598984,872442934,646,7,2
606928,872442948,647,16,3
606984,872442950,647,16,2
614816,872442959,647,6,3
614544,872442960,647,6,1
729544,872443030,654,20,3
737936,872443041,646,32,3
738008,872443044,646,28,2
598856,872443054,646,15,4
598920,872443055,646,15,2
606808,872443068,647,31,2
606872,872443073,647,23,2
614736,872443083,647,10,2
614728,872443085,647,6,2
729296,872443157,654,20,1
729616,872443160,654,20,2
729608,872443162,654,13,2
737608,872443164,654,13,1
737864,872443167,646,32,2
737928,872443168,646,32,1
738000,872443172,646,28,1
738072,872443177,646,22,2
598624,872443179,646,22,1
598680,872443182,646,15,1
598744,872443191,646,7,1
598816,872443194,647,31,1
606864,872443201,647,23,1
606920,872443205,647,16,1
606744,872443209,647,10,1
737688,872443295,646,30,5
598736,872443317,646,8,5
598800,872443319,646,8,4
598808,872443322,646,1,5
606800,872443324,646,1,4
606792,872443326,647,24,4
606856,872443329,647,24,5
606680,872443334,647,17,5
606736,872443338,647,11,5
606488,872443339,647,11,3
614536,872443344,647,25,2
729288,872443413,654,14,3
729352,872443415,654,14,2
737624,872443419,646,33,5
737616,872443420,646,33,4
737992,872443428,646,29,5
738056,872443433,646,23,4
598616,872443435,646,23,5
598608,872443438,646,16,4
598672,872443440,646,16,5
598728,872443445,646,8,3
598792,872443450,646,1,3
606672,872443462,647,17,4
606728,872443466,647,11,4
614472,872443470,647,25,1
737368,872443546,646,33,3
737680,872443551,646,30,4
737672,872443552,646,30,3
738064,872443559,646,29,4
598664,872443568,646,16,3
598552,872443575,646,8,2
606544,872443580,646,1,2
606616,872443585,647,24,3
606664,872443590,647,17,3
737360,872443674,646,33,2
737752,872443684,646,29,3
598600,872443691,646,23,3
598488,872443701,646,8,1
606536,872443710,647,24,2
606608,872443713,647,24,1
606408,872443718,647,17,1
606480,872443723,647,11,2
737352,872443802,646,33,1
737416,872443807,646,30,1
737744,872443810,646,30,2
737736,872443812,646,29,1
737808,872443815,646,29,2
737800,872443817,646,23,2
598360,872443819,646,23,1
598352,872443822,646,16,2
598424,872443824,646,16,1
598544,872443834,646,1,1
606600,872443843,647,17,2
606472,872443851,647,11,1
737552,872443942,646,34,2
598344,872443947,646,24,5
598416,872443950,646,17,5
598480,872443959,646,9,5
598536,872443962,646,2,5
598296,872443963,646,2,3
606280,872443964,646,2,4
606288,872443967,647,25,4
606344,872443969,647,25,3
737480,872444068,646,34,1
598408,872444078,646,17,4
598472,872444087,646,9,4
598104,872444202,646,24,3
598168,872444206,646,17,3
598232,872444215,646,9,3
598288,872444219,646,2,2
598096,872444330,646,24,2
598160,872444334,646,17,2
598224,872444343,646,9,2
598280,872444347,646,2,1
737544,872444457,646,24,4
598088,872444458,646,24,1
598152,872444462,646,17,1
598216,872444471,646,9,1
